ID,Levy,Manufacturer,Model,Prod. year,Category,Leather interior,Fuel type,Engine volume,Mileage,Cylinders,Gear box type,Drive wheels,Doors,Wheel,Color,Airbags,Price
45772399,1646,LEXUS,GX 460,2015,Jeep,Yes,Petrol,4.6,102907 km,8,Automatic,4x4,04-May,Left wheel,Black,0,
45768709,585,LEXUS,CT 200h,2013,Sedan,Yes,Hybrid,1.8,0 km,4,Automatic,Front,04-May,Left wheel,Red,0,
45651854,1750,LEXUS,RX 400,2008,Jeep,Yes,Hybrid,3.3,224629 km,6,Automatic,4x4,04-May,Left wheel,Silver,12,
45660762,1058,LEXUS,RX 450,2012,Jeep,Yes,Hybrid,3.5,232357 km,6,Automatic,4x4,04-May,Left wheel,Black,12,
45757280,1935,LEXUS,GX 460,2016,Jeep,Yes,Petrol,4.6,155976 km,8,Automatic,4x4,04-May,Left wheel,White,0,
45806821,1172,LEXUS,RX 350,2011,Jeep,Yes,Petrol,3.5,212152 km,6,Automatic,Front,04-May,Left wheel,Black,12,
45651955,1399,LEXUS,RX 450,2010,Jeep,Yes,Hybrid,3.5,315270 km,6,Automatic,4x4,04-May,Left wheel,Grey,12,
41376460,-,LEXUS,ES 300,2017,Sedan,Yes,Hybrid,3,65920 km,4,Tiptronic,Front,04-May,Left wheel,White,12,
45652011,1055,LEXUS,RX 450,2013,Jeep,Yes,Hybrid,3.5,361603 km,6,Automatic,Front,04-May,Left wheel,Black,12,
45438868,891,LEXUS,NX 200 200t,2016,Jeep,Yes,Petrol,2.0 Turbo,61000 km,4,Automatic,Front,04-May,Left wheel,Grey,12,
45813885,1360,LEXUS,LS 460,2013,Sedan,Yes,Petrol,4.6,154258 km,8,Automatic,4x4,04-May,Left wheel,White,12,
45798006,-,LEXUS,GX 470,2004,Jeep,Yes,Petrol,4.7,200000 km,8,Automatic,4x4,04-May,Left wheel,Sky blue,10,
45656825,690,LEXUS,RX 450,2016,Jeep,Yes,Hybrid,3.5,27038 km,6,Automatic,4x4,04-May,Left wheel,White,12,
45506060,-,LEXUS,RX 400,2007,Jeep,Yes,Hybrid,3.3,83328 km,6,Tiptronic,4x4,04-May,Left wheel,Silver,12,
45109615,-,LEXUS,HS 250h,2009,Sedan,Yes,Hybrid,2.4,72000 km,4,Variator,Front,04-May,Left wheel,Grey,8,
45812979,586,LEXUS,CT 200h,2012,Hatchback,Yes,Hybrid,1.8,174106 km,4,Automatic,Front,04-May,Left wheel,White,12,
45656732,1399,LEXUS,RX 450,2010,Jeep,Yes,Hybrid,3.5,167222 km,6,Automatic,4x4,04-May,Left wheel,Black,12,
45770293,-,LEXUS,GX 460,2003,Jeep,Yes,LPG,4.7,304000 km,8,Automatic,4x4,04-May,Left wheel,Silver,4,
45788783,-,LEXUS,GX 460,2012,Jeep,Yes,Petrol,4.6,95000 km,8,Tiptronic,4x4,04-May,Left wheel,White,12,
45815386,1363,LEXUS,GX 460,2012,Jeep,Yes,Petrol,4.6,150909 km,8,Automatic,4x4,04-May,Left wheel,Black,12,
45758098,1811,LEXUS,GX 460,2010,Jeep,Yes,Petrol,4.6,260771 km,8,Automatic,4x4,04-May,Left wheel,Black,0,
45815359,1493,LEXUS,RX 350,2016,Jeep,Yes,Petrol,3.5,65981 km,6,Automatic,Front,04-May,Left wheel,Black,12,
45760170,1363,LEXUS,GX 460,2012,Jeep,Yes,Petrol,4.6,255406 km,8,Automatic,4x4,04-May,Left wheel,Black,0,
45757222,518,LEXUS,ES 350,2016,Sedan,Yes,Hybrid,2.5,216608 km,4,Automatic,Front,04-May,Left wheel,Black,12,
45655223,690,LEXUS,RX 450,2016,Jeep,Yes,Hybrid,3.5,59858 km,6,Automatic,Front,04-May,Left wheel,Silver,12,
45759200,-,LEXUS,CT 200h,2013,Hatchback,Yes,Hybrid,1.8,99000 km,4,Variator,Front,04-May,Left wheel,White,12,
45805896,2908,LEXUS,GX 470,2007,Jeep,Yes,Petrol,4.7,160000 km,8,Tiptronic,4x4,04-May,Left wheel,Silver,12,
45660177,1399,LEXUS,RX 450,2010,Jeep,Yes,Hybrid,3.5,315270 km,6,Automatic,4x4,04-May,Left wheel,Grey,12,
45758108,1811,LEXUS,GX 460,2010,Jeep,Yes,Petrol,4.6,155821 km,8,Automatic,4x4,04-May,Left wheel,Black,0,
45815375,-,LEXUS,RX 300,2002,Jeep,Yes,Petrol,3.0 Turbo,201000 km,6,Automatic,4x4,04-May,Left wheel,Silver,8,
45771457,1646,LEXUS,GX 460,2015,Jeep,Yes,Petrol,4.6,188078 km,8,Automatic,4x4,04-May,Left wheel,Black,0,
45652686,1493,LEXUS,RX 350,2016,Jeep,Yes,Petrol,3.5,59858 km,6,Automatic,Front,04-May,Left wheel,Silver,12,
45758282,1646,LEXUS,GX 460,2015,Jeep,Yes,Petrol,4.6,102907 km,8,Automatic,4x4,04-May,Left wheel,Black,0,
45649899,1850,LEXUS,RX 400,2008,Jeep,Yes,Hybrid,3.5,364523 km,6,Automatic,4x4,04-May,Left wheel,Black,12,
45649740,1646,LEXUS,GX 460,2015,Jeep,Yes,Petrol,4.6,102907 km,8,Automatic,4x4,04-May,Left wheel,Black,0,
45815434,1399,LEXUS,RX 350,2010,Jeep,Yes,Petrol,3.5,54699 km,6,Automatic,Front,04-May,Left wheel,Grey,12,
45762387,353,LEXUS,CT 200h,2015,Hatchback,Yes,Hybrid,1.8,94949 km,4,Automatic,Front,04-May,Left wheel,White,0,
45761027,585,LEXUS,CT 200h,2013,Hatchback,Yes,Hybrid,1.8,188194 km,4,Automatic,Front,04-May,Left wheel,Black,12,
45804339,1399,LEXUS,ES 300,2010,Sedan,Yes,Petrol,3.5,168920 km,4,Automatic,Front,04-May,Left wheel,Silver,4,
45759234,1646,LEXUS,GX 470,2015,Jeep,Yes,Petrol,4.6,273493 km,8,Automatic,4x4,04-May,Left wheel,Silver,0,
45759133,1811,LEXUS,GX 460,2010,Jeep,Yes,Petrol,4.6,275240 km,8,Automatic,4x4,04-May,Left wheel,Silver,0,
45764971,2225,LEXUS,GX 460,2017,Jeep,Yes,Petrol,4.6,69918 km,8,Automatic,4x4,04-May,Left wheel,White,0,
45760183,2455,LEXUS,GX 470,2008,Jeep,Yes,Petrol,4.7,0 km,8,Automatic,4x4,04-May,Left wheel,White,0,
45793578,1399,LEXUS,RX 450 HYBRID,2010,Jeep,Yes,Hybrid,3.5,148250 km,4,Tiptronic,4x4,04-May,Left wheel,Black,12,
45776589,-,LEXUS,GX 470,2007,Jeep,Yes,LPG,4.7,179902 km,8,Tiptronic,4x4,04-May,Left wheel,Silver,8,
45757345,2225,LEXUS,GX 460,2017,Jeep,Yes,Petrol,4.6,69918 km,8,Automatic,4x4,04-May,Left wheel,White,0,
45653841,1850,LEXUS,RX 450,2008,Jeep,Yes,Hybrid,3.5,244731 km,6,Automatic,Front,04-May,Left wheel,Black,12,
45646462,1363,LEXUS,GX 460,2012,Jeep,Yes,Petrol,4.6,150909 km,8,Automatic,4x4,04-May,Left wheel,Black,0,
45768177,645,LEXUS,CT 200h,2011,Hatchback,Yes,Hybrid,1.8,224267 km,4,Automatic,Front,04-May,Left wheel,Silver,0,
45661954,1750,LEXUS,RX 400,2008,Jeep,Yes,Hybrid,3.3,224629 km,6,Automatic,4x4,04-May,Left wheel,Silver,12,
45757299,2455,LEXUS,GX 470,2008,Jeep,Yes,Petrol,4.7,0 km,8,Automatic,4x4,04-May,Left wheel,White,0,
45646480,1646,LEXUS,GX 460,2015,Jeep,Yes,Petrol,4.6,102907 km,8,Automatic,4x4,04-May,Left wheel,Black,0,
45808212,-,LEXUS,GX 470,2003,Jeep,Yes,CNG,4.7,368000 km,8,Automatic,4x4,04-May,Left wheel,Beige,0,
45762382,645,LEXUS,CT 200h,2011,Hatchback,Yes,Hybrid,1.8,116869 km,4,Automatic,Front,04-May,Left wheel,Black,0,
45772406,2455,LEXUS,GX 470,2008,Jeep,Yes,Petrol,4.7,263190 km,8,Automatic,4x4,04-May,Left wheel,White,0,
45654798,607,LEXUS,ES 350,2019,Sedan,Yes,Hybrid,2.5,75429 km,4,Automatic,Front,04-May,Left wheel,Black,12,
45659889,1811,LEXUS,GX 460,2010,Jeep,Yes,Petrol,4.6,275240 km,8,Automatic,4x4,04-May,Left wheel,Silver,0,
45759213,1811,LEXUS,GX 470,2010,Jeep,Yes,Petrol,4.6,357246 km,8,Automatic,4x4,04-May,Left wheel,Grey,0,
45655763,1172,LEXUS,RX 450,2011,Jeep,Yes,Hybrid,3.5,101816 km,6,Automatic,4x4,04-May,Left wheel,Black,12,
45646471,1360,LEXUS,GX 460,2013,Jeep,Yes,Petrol,4.6,243467 km,8,Automatic,4x4,04-May,Left wheel,White,0,
45764698,353,LEXUS,CT 200h,2015,Hatchback,Yes,Hybrid,1.8,94949 km,4,Automatic,Front,04-May,Left wheel,White,0,
45759287,2225,LEXUS,GX 460,2017,Jeep,Yes,Petrol,4.6,69918 km,8,Automatic,4x4,04-May,Left wheel,White,0,
45760179,1360,LEXUS,GX 470,2013,Jeep,Yes,Petrol,4.6,202651 km,8,Automatic,4x4,04-May,Left wheel,Black,0,
45766612,1811,LEXUS,GX 470,2010,Jeep,Yes,Petrol,4.6,357246 km,8,Automatic,4x4,04-May,Left wheel,Grey,0,
45815382,1399,LEXUS,RX 350,2010,Jeep,Yes,Petrol,3.5,172659 km,6,Automatic,4x4,04-May,Left wheel,White,12,
45660556,1399,LEXUS,RX 450,2010,Jeep,Yes,Hybrid,3.5,167222 km,6,Automatic,4x4,04-May,Left wheel,Black,12,
45769823,2455,LEXUS,GX 470,2008,Jeep,Yes,Petrol,4.7,263190 km,8,Automatic,4x4,04-May,Left wheel,White,0,
45718625,-,LEXUS,ES 300,2013,Sedan,Yes,Hybrid,2.5,53000 km,4,Tiptronic,Front,04-May,Left wheel,Black,7,
45815375,-,LEXUS,RX 300,2002,Jeep,Yes,Petrol,3.0 Turbo,201000 km,6,Automatic,4x4,04-May,Left wheel,Silver,8,
45772701,1646,LEXUS,GX 470,2015,Jeep,Yes,Petrol,4.6,273493 km,8,Automatic,4x4,04-May,Left wheel,Silver,0,
45809412,1055,LEXUS,RX 350,2013,Jeep,Yes,Petrol,3.5,258784 km,6,Automatic,4x4,04-May,Left wheel,Grey,12,
45769783,1811,LEXUS,GX 470,2010,Jeep,Yes,Petrol,4.6,357246 km,8,Automatic,4x4,04-May,Left wheel,Grey,0,
45654583,1399,LEXUS,RX 450,2010,Jeep,Yes,Hybrid,3.5,315270 km,6,Automatic,4x4,04-May,Left wheel,Grey,12,
45760162,1646,LEXUS,GX 470,2015,Jeep,Yes,Petrol,4.6,106918 km,8,Automatic,4x4,04-May,Left wheel,Black,0,
45664242,1363,LEXUS,GX 460,2012,Jeep,Yes,Petrol,4.6,150909 km,8,Automatic,4x4,04-May,Left wheel,Black,0,
45664226,1363,LEXUS,GX 460,2012,Jeep,Yes,Petrol,4.6,229334 km,8,Automatic,4x4,04-May,Left wheel,Black,0,
45789368,-,LEXUS,RX 300,2003,Jeep,Yes,Petrol,3,0 km,4,Tiptronic,4x4,04-May,Left wheel,Golden,6,
45652003,603,LEXUS,RX 450,2015,Jeep,Yes,Hybrid,3.5,143619 km,6,Automatic,4x4,04-May,Left wheel,Black,12,
45764095,1811,LEXUS,GX 470,2010,Jeep,Yes,Petrol,4.6,357246 km,8,Automatic,4x4,04-May,Left wheel,Grey,0,
45645720,1514,LEXUS,GX 460,2011,Jeep,Yes,Petrol,4.6,160138 km,8,Automatic,4x4,04-May,Left wheel,White,0,
45728141,1055,LEXUS,RX 450,2013,Jeep,Yes,Hybrid,3.5,145006 km,6,Automatic,Front,04-May,Left wheel,Black,12,
45764253,-,LEXUS,CT 200h,2013,Sedan,Yes,Hybrid,1.8,108000 km,12,Variator,Front,04-May,Left wheel,Grey,12,
45785622,-,LEXUS,RX 300,1998,Jeep,Yes,CNG,3,17000 km,6,Automatic,4x4,04-May,Left wheel,Green,4,
42411094,-,LEXUS,RX 300,1999,Jeep,Yes,Petrol,3,220800 km,4,Automatic,Rear,04-May,Left wheel,Silver,4,
45815352,1172,LEXUS,RX 350,2011,Jeep,Yes,Petrol,3.5,181189 km,6,Automatic,4x4,04-May,Left wheel,White,12,
45756985,1514,LEXUS,GX 470,2011,Sedan,Yes,Petrol,4.6,202048 km,8,Automatic,4x4,04-May,Left wheel,White,0,
45759238,1356,LEXUS,GX 470,2014,Jeep,Yes,Petrol,4.6,146218 km,8,Automatic,4x4,04-May,Left wheel,Black,0,
45094413,-,LEXUS,IS 250,2015,Sedan,Yes,Petrol,2.5,45000 km,6,Tiptronic,Rear,04-May,Left wheel,White,12,
45772152,862,LEXUS,HS 250h LIMITED,2011,Sedan,Yes,Hybrid,2.5,123000 km,4,Automatic,Front,04-May,Left wheel,Black,12,
45759115,1363,LEXUS,GX 460,2012,Jeep,Yes,Petrol,4.6,229334 km,8,Automatic,4x4,04-May,Left wheel,Black,0,
45759117,1363,LEXUS,GX 460,2012,Jeep,Yes,Petrol,4.6,189704 km,8,Automatic,4x4,04-May,Left wheel,Grey,0,
45759093,1935,LEXUS,GX 460,2016,Jeep,Yes,Petrol,4.6,155976 km,8,Automatic,4x4,04-May,Left wheel,White,0,
45805974,779,LEXUS,ES 300,2013,Sedan,Yes,Hybrid,2.5,190000 km,4,Tiptronic,Front,04-May,Left wheel,Black,12,
45728067,394,LEXUS,ES 300,2014,Sedan,Yes,Hybrid,2.5,179747 km,4,Automatic,Front,04-May,Left wheel,Black,12,
45758288,1811,LEXUS,GX 460,2010,Jeep,Yes,Petrol,4.6,275240 km,8,Automatic,4x4,04-May,Left wheel,Silver,0,
45759858,1646,LEXUS,GX 460,2015,Jeep,Yes,Petrol,4.6,188078 km,8,Automatic,4x4,04-May,Left wheel,Black,0,
45799107,1750,LEXUS,RX 400,2008,Jeep,Yes,Hybrid,3.3,145000 km,6,Variator,4x4,04-May,Left wheel,Silver,10,
45772385,1363,LEXUS,GX 460,2012,Jeep,Yes,Petrol,4.6,189704 km,8,Automatic,4x4,04-May,Left wheel,Grey,0,
45755684,645,LEXUS,CT 200h,2011,Hatchback,Yes,Hybrid,1.8,337488 km,4,Automatic,Front,04-May,Left wheel,Black,0,
45772686,1646,LEXUS,GX 460,2015,Jeep,Yes,Petrol,4.6,188078 km,8,Automatic,4x4,04-May,Left wheel,Black,0,
45801048,585,LEXUS,CT 200h,2013,Hatchback,Yes,Hybrid,1.8,115000 km,8,Variator,Front,04-May,Left wheel,Silver,8,
45648768,1058,LEXUS,RX 350,2012,Jeep,Yes,Petrol,3.5,178848 km,6,Automatic,4x4,04-May,Left wheel,Silver,12,
45765424,585,LEXUS,CT 200h,2013,Sedan,Yes,Hybrid,1.8,0 km,4,Automatic,Front,04-May,Left wheel,Red,0,
45649982,690,LEXUS,RX 450,2016,Jeep,Yes,Hybrid,3.5,59858 km,6,Automatic,Front,04-May,Left wheel,Silver,12,
44586721,2455,LEXUS,GX 470,2008,Jeep,Yes,Petrol,4.7,189000 km,8,Automatic,4x4,04-May,Left wheel,Black,10,
45655117,1811,LEXUS,GX 460,2010,Jeep,Yes,Petrol,4.6,275240 km,8,Automatic,4x4,04-May,Left wheel,Silver,0,
45772441,2225,LEXUS,GX 460,2017,Jeep,Yes,Petrol,4.6,0 km,8,Automatic,4x4,04-May,Left wheel,White,0,
45804449,1273,LEXUS,RX 350,2015,Jeep,Yes,Petrol,3.5,46000 km,4,Automatic,Front,04-May,Left wheel,Silver,4,
45656805,690,LEXUS,RX 450,2016,Jeep,Yes,Hybrid,3.5,0 km,6,Automatic,Front,04-May,Left wheel,Grey,12,
45547916,-,LEXUS,RX 300,2002,Jeep,Yes,LPG,3,416000 km,6,Automatic,4x4,04-May,Left wheel,Grey,4,
45759499,-,LEXUS,RX 400,2006,Jeep,Yes,Hybrid,3.3,131000 km,4,Variator,4x4,04-May,Left wheel,Black,12,
45761481,586,LEXUS,CT 200h,2012,Hatchback,No,Hybrid,1.8,149000 km,4,Automatic,Front,04-May,Left wheel,Carnelian red,10,
45763732,1811,LEXUS,GX 470,2010,Jeep,Yes,Petrol,4.6,357246 km,8,Automatic,4x4,04-May,Left wheel,Grey,0,
45755687,585,LEXUS,CT 200h,2013,Hatchback,Yes,Hybrid,1.8,185304 km,4,Automatic,Front,04-May,Left wheel,White,0,
45639997,394,LEXUS,ES 300,2014,Sedan,Yes,Hybrid,2.5,127000 km,6,Tiptronic,Front,04-May,Left wheel,Silver,10,
45758275,2455,LEXUS,GX 470,2008,Jeep,Yes,Petrol,4.7,218126 km,8,Automatic,4x4,04-May,Left wheel,Black,0,
45655020,1750,LEXUS,RX 400,2008,Jeep,Yes,Hybrid,3.3,224629 km,6,Automatic,4x4,04-May,Left wheel,Silver,12,
45755704,308,LEXUS,CT 200h,2014,Hatchback,Yes,Hybrid,1.8,121264 km,4,Automatic,Front,04-May,Left wheel,Black,0,
45810187,1273,LEXUS,RX 350,2015,Jeep,Yes,Petrol,3.5,70046 km,6,Automatic,4x4,04-May,Left wheel,White,12,
45653241,1399,LEXUS,RX 450,2010,Jeep,Yes,Hybrid,3.5,317470 km,6,Automatic,4x4,04-May,Left wheel,Grey,12,
45117988,-,LEXUS,GX 470,2007,Jeep,Yes,Petrol,4.7,275200 km,6,Automatic,4x4,04-May,Left wheel,Black,6,
45757722,586,LEXUS,CT 200h,2012,Hatchback,Yes,Hybrid,1.8,142394 km,4,Automatic,Front,04-May,Left wheel,White,0,
45653887,690,LEXUS,RX 450,2016,Jeep,Yes,Hybrid,3.5,0 km,6,Automatic,Front,04-May,Left wheel,Grey,12,
45760181,1356,LEXUS,GX 470,2014,Jeep,Yes,Petrol,4.6,146218 km,8,Automatic,4x4,04-May,Left wheel,Black,0,
45769807,1363,LEXUS,GX 460,2012,Jeep,Yes,Petrol,4.6,229334 km,8,Automatic,4x4,04-May,Left wheel,Black,0,
45815482,1058,LEXUS,RX 350,2012,Jeep,Yes,Petrol,3.5,178848 km,6,Automatic,4x4,04-May,Left wheel,Silver,12,
45795280,-,LEXUS,GX 470 470,2003,Jeep,Yes,Petrol,4.7,147200 km,8,Automatic,4x4,04-May,Left wheel,Grey,0,
45760200,1811,LEXUS,GX 460,2010,Jeep,Yes,Petrol,4.6,275240 km,8,Automatic,4x4,04-May,Left wheel,Silver,0,
45764787,585,LEXUS,CT 200h,2013,Sedan,Yes,Hybrid,1.8,0 km,4,Automatic,Front,04-May,Left wheel,Red,0,
45655031,1399,LEXUS,RX 450,2010,Jeep,Yes,Hybrid,3.5,311949 km,6,Automatic,Front,04-May,Left wheel,Silver,12,
45812080,1646,LEXUS,GX 460,2015,Jeep,Yes,Petrol,4.6,181920 km,8,Automatic,4x4,04-May,Left wheel,White,0,
45756942,1646,LEXUS,GX 460,2015,Jeep,Yes,Petrol,4.6,188078 km,8,Automatic,4x4,04-May,Left wheel,Black,0,
45769821,1811,LEXUS,GX 460,2010,Jeep,Yes,Petrol,4.6,275240 km,8,Automatic,4x4,04-May,Left wheel,Silver,0,
45815359,1493,LEXUS,RX 350,2016,Jeep,Yes,Petrol,3.5,65981 km,6,Automatic,Front,04-May,Left wheel,Black,12,
45813904,1363,LEXUS,GX 460,2012,Jeep,Yes,Petrol,4.6,150909 km,8,Automatic,4x4,04-May,Left wheel,Black,12,
45647088,1820,LEXUS,ES 350,2019,Sedan,Yes,Petrol,3.5,19787 km,6,Automatic,Front,04-May,Left wheel,Black,12,
45764142,2455,LEXUS,GX 470,2008,Jeep,Yes,Petrol,4.7,218126 km,8,Automatic,4x4,04-May,Left wheel,Black,0,
45764149,2455,LEXUS,GX 470,2008,Jeep,Yes,Petrol,4.7,263190 km,8,Automatic,4x4,04-May,Left wheel,White,0,
45757286,1363,LEXUS,GX 460,2012,Jeep,Yes,Petrol,4.6,255406 km,8,Automatic,4x4,04-May,Left wheel,Black,0,
45759538,645,LEXUS,CT 200h,2011,Hatchback,Yes,Hybrid,1.8,32974 km,4,Automatic,Front,04-May,Left wheel,Silver,0,
45785052,-,LEXUS,RX 400,2007,Jeep,Yes,Hybrid,3.3,133700 km,6,Tiptronic,4x4,04-May,Left wheel,Blue,12,
45769818,2455,LEXUS,GX 470,2008,Jeep,Yes,Petrol,4.7,218126 km,8,Automatic,4x4,04-May,Left wheel,Black,0,
45653901,1055,LEXUS,RX 450,2013,Jeep,Yes,Hybrid,3.5,361603 km,6,Automatic,Front,04-May,Left wheel,Black,12,
45772716,1363,LEXUS,GX 460,2012,Jeep,Yes,Petrol,4.6,229334 km,8,Automatic,4x4,04-May,Left wheel,Black,0,
45757324,2455,LEXUS,GX 470,2008,Jeep,Yes,Petrol,4.7,263190 km,8,Automatic,4x4,04-May,Left wheel,White,0,
45771459,2151,LEXUS,GX 470,2009,Jeep,Yes,Petrol,4.7,264339 km,8,Automatic,4x4,04-May,Left wheel,Black,0,
45768664,586,LEXUS,CT 200h,2012,Hatchback,Yes,Hybrid,1.8,142394 km,4,Automatic,Front,04-May,Left wheel,White,0,
45642534,1514,LEXUS,GX 470,2011,Jeep,Yes,Petrol,4.6,210646 km,8,Automatic,4x4,04-May,Left wheel,Black,12,
45653668,1646,LEXUS,GX 460,2015,Jeep,Yes,Petrol,4.6,102907 km,8,Automatic,4x4,04-May,Left wheel,Black,0,
45654603,603,LEXUS,RX 450,2015,Jeep,Yes,Hybrid,3.5,143619 km,6,Automatic,4x4,04-May,Left wheel,Black,12,
45814196,-,LEXUS,GS 450 hybrid,2006,Sedan,Yes,Hybrid,3.5,122000 km,6,Automatic,Rear,04-May,Left wheel,Silver,12,
45770126,1646,LEXUS,GX 470,2015,Jeep,Yes,Petrol,4.6,273493 km,8,Automatic,4x4,04-May,Left wheel,Silver,0,
45771479,1363,LEXUS,GX 460,2012,Jeep,Yes,Petrol,4.6,189704 km,8,Automatic,4x4,04-May,Left wheel,Grey,0,
45654646,690,LEXUS,RX 450,2016,Jeep,Yes,Hybrid,3.5,59858 km,6,Automatic,Front,04-May,Left wheel,Silver,12,
45815360,1399,LEXUS,RX 350,2010,Jeep,Yes,Petrol,3.5,138070 km,6,Automatic,4x4,04-May,Left wheel,Black,12,
45757351,1055,LEXUS,RX 350,2013,Jeep,Yes,Petrol,3.5,361603 km,6,Automatic,Front,04-May,Left wheel,Black,12,
45766673,1514,LEXUS,GX 470,2011,Sedan,Yes,Petrol,4.6,202048 km,8,Automatic,4x4,04-May,Left wheel,White,0,
45769230,1646,LEXUS,GX 460,2015,Jeep,Yes,Petrol,4.6,188078 km,8,Automatic,4x4,04-May,Left wheel,Black,0,
45759863,1811,LEXUS,GX 460,2010,Jeep,Yes,Petrol,4.6,260771 km,8,Automatic,4x4,04-May,Left wheel,Black,0,
45653284,1058,LEXUS,RX 450,2012,Jeep,Yes,Hybrid,3.5,232357 km,6,Automatic,4x4,04-May,Left wheel,Black,12,
45815456,394,LEXUS,ES 350,2014,Sedan,Yes,Hybrid,2.5,183221 km,4,Automatic,Front,04-May,Left wheel,Silver,12,
45801416,-,LEXUS,GX 470,2005,Jeep,Yes,Petrol,4.7,187000 km,8,Automatic,4x4,04-May,Left wheel,Silver,10,
45769231,2151,LEXUS,GX 470,2009,Jeep,Yes,Petrol,4.7,264339 km,8,Automatic,4x4,04-May,Left wheel,Black,0,
45653316,690,LEXUS,RX 450,2016,Jeep,Yes,Hybrid,3.5,27038 km,6,Automatic,4x4,04-May,Left wheel,White,12,
45653175,1750,LEXUS,RX 400,2008,Jeep,Yes,Hybrid,3.3,224629 km,6,Automatic,4x4,04-May,Left wheel,Silver,12,
45661403,603,LEXUS,RX 450,2015,Jeep,Yes,Hybrid,3.5,143619 km,6,Automatic,4x4,04-May,Left wheel,Black,12,
45729217,1055,LEXUS,RX 350,2013,Jeep,Yes,Petrol,3.5,126400 km,6,Automatic,4x4,04-May,Left wheel,Silver,0,
45758103,1360,LEXUS,GX 470,2013,Jeep,Yes,Petrol,4.6,202651 km,8,Automatic,4x4,04-May,Left wheel,Black,0,
45771506,2225,LEXUS,GX 460,2017,Jeep,Yes,Petrol,4.6,69918 km,8,Automatic,4x4,04-May,Left wheel,White,0,
45805251,2364,LEXUS,GX 460,2019,Jeep,No,Petrol,4.6,0 km,8,Automatic,4x4,04-May,Left wheel,White,0,
45772373,1360,LEXUS,GX 470,2013,Jeep,Yes,Petrol,4.6,202651 km,8,Automatic,4x4,04-May,Left wheel,Black,0,
45770144,1811,LEXUS,GX 460,2010,Jeep,Yes,Petrol,4.6,275240 km,8,Automatic,4x4,04-May,Left wheel,Silver,0,
45758848,-,LEXUS,CT 200h,2011,Hatchback,Yes,Petrol,1.8,165000 km,4,Tiptronic,Front,04-May,Left wheel,Carnelian red,10,
45656477,1399,LEXUS,RX 450,2010,Jeep,Yes,Hybrid,3.5,382746 km,6,Automatic,4x4,04-May,Left wheel,Silver,12,
45720385,-,LEXUS,GX 460,2014,Jeep,Yes,Petrol,4.6,84800 km,8,Tiptronic,4x4,>5,Left wheel,Black,10,
45762433,645,LEXUS,CT 200h,2011,Hatchback,Yes,Hybrid,1.8,32974 km,4,Automatic,Front,04-May,Left wheel,Silver,0,
45815513,1053,LEXUS,GS 350,2014,Sedan,Yes,Petrol,3.5,125326 km,6,Automatic,Rear,04-May,Left wheel,White,12,
45772402,1811,LEXUS,GX 460,2010,Jeep,Yes,Petrol,4.6,275240 km,8,Automatic,4x4,04-May,Left wheel,Silver,0,
45658765,603,LEXUS,RX 450,2015,Jeep,Yes,Hybrid,3.5,143619 km,6,Automatic,4x4,04-May,Left wheel,Black,12,
45804399,1356,LEXUS,LS 460,2014,Sedan,Yes,Petrol,4.6,71019 km,4,Automatic,Front,04-May,Left wheel,Black,4,
45645691,1356,LEXUS,GX 460,2014,Jeep,Yes,Petrol,4.6,200402 km,8,Automatic,4x4,04-May,Left wheel,Silver,0,
45758226,2151,LEXUS,GX 470,2009,Jeep,Yes,Petrol,4.7,264339 km,8,Automatic,4x4,04-May,Left wheel,Black,0,
45641812,891,LEXUS,RC F,2016,Coupe,Yes,Petrol,2,43242 km,4,Automatic,Rear,02-Mar,Left wheel,Red,12,
45662565,586,LEXUS,CT 200h,2012,Hatchback,Yes,Hybrid,1.8,32874 km,4,Automatic,Front,04-May,Left wheel,Black,10,
45768184,397,LEXUS,CT 200h,2016,Hatchback,Yes,Hybrid,1.8,71904 km,4,Automatic,Front,04-May,Left wheel,White,0,
45759135,2455,LEXUS,GX 470,2008,Jeep,Yes,Petrol,4.7,263190 km,8,Automatic,4x4,04-May,Left wheel,White,0,
45646409,1356,LEXUS,GX 460,2014,Jeep,Yes,Petrol,4.6,200402 km,8,Automatic,4x4,04-May,Left wheel,Silver,0,
45815359,1493,LEXUS,RX 350,2016,Jeep,Yes,Petrol,3.5,65981 km,6,Automatic,Front,04-May,Left wheel,Black,12,
45786717,-,LEXUS,HS 250h,2009,Sedan,Yes,Hybrid,2.4,97000 km,4,Variator,Front,04-May,Left wheel,Silver,12,
45768397,1811,LEXUS,GX 460,2010,Jeep,Yes,Petrol,4.6,155821 km,8,Automatic,4x4,04-May,Left wheel,Black,0,
45656108,690,LEXUS,RX 450,2016,Jeep,Yes,Hybrid,3.5,27038 km,6,Automatic,4x4,04-May,Left wheel,White,12,
45763790,1811,LEXUS,GX 460,2010,Jeep,Yes,Petrol,4.6,275240 km,8,Automatic,4x4,04-May,Left wheel,Silver,0,
45647601,1646,LEXUS,GX 460,2015,Jeep,Yes,Petrol,4.6,188078 km,8,Automatic,4x4,04-May,Left wheel,Black,0,
45815360,1399,LEXUS,RX 350,2010,Jeep,Yes,Petrol,3.5,138070 km,6,Automatic,4x4,04-May,Left wheel,Black,12,
45429073,1514,LEXUS,GX 460,2011,Jeep,Yes,Petrol,4.6,120000 km,8,Tiptronic,4x4,04-May,Left wheel,White,10,
45652702,1399,LEXUS,RX 450,2010,Jeep,Yes,Hybrid,3.5,167222 km,6,Automatic,4x4,04-May,Left wheel,Black,12,
45766643,1363,LEXUS,GX 460,2012,Jeep,Yes,Petrol,4.6,229334 km,8,Automatic,4x4,04-May,Left wheel,Black,0,
45762421,353,LEXUS,CT 200h,2015,Hatchback,Yes,Hybrid,1.8,115347 km,4,Automatic,Front,04-May,Left wheel,Grey,0,
45658604,1399,LEXUS,RX 450,2010,Jeep,Yes,Hybrid,3.5,311949 km,6,Automatic,Front,04-May,Left wheel,Silver,12,
45815474,1172,LEXUS,RX 350,2011,Jeep,Yes,Petrol,3.5,202387 km,6,Automatic,4x4,04-May,Left wheel,Silver,12,
45656727,1399,LEXUS,RX 450,2010,Jeep,Yes,Hybrid,3.5,186005 km,6,Automatic,4x4,04-May,Left wheel,Silver,12,
45758124,1514,LEXUS,GX 470,2011,Sedan,Yes,Petrol,4.6,202048 km,8,Automatic,4x4,04-May,Left wheel,White,0,
45763739,1646,LEXUS,GX 460,2015,Jeep,Yes,Petrol,4.6,188078 km,8,Automatic,4x4,04-May,Left wheel,Black,0,
45756940,1935,LEXUS,GX 460,2016,Jeep,Yes,Petrol,4.6,155976 km,8,Automatic,4x4,04-May,Left wheel,White,0,
45658774,1055,LEXUS,RX 450,2013,Jeep,Yes,Hybrid,3.5,361603 km,6,Automatic,Front,04-May,Left wheel,Black,12,
44347675,-,LEXUS,RX 300,1999,Jeep,Yes,LPG,3,21990 km,6,Automatic,4x4,04-May,Left wheel,Golden,10,
45768181,645,LEXUS,CT 200h,2011,Hatchback,Yes,Hybrid,1.8,116869 km,4,Automatic,Front,04-May,Left wheel,Black,0,
45815437,1356,LEXUS,GX 470,2014,Jeep,Yes,Petrol,4.6,130194 km,8,Automatic,4x4,04-May,Left wheel,Silver,12,
45761362,2455,LEXUS,GX 470,2008,Jeep,Yes,Petrol,4.7,263190 km,8,Automatic,4x4,04-May,Left wheel,White,0,
45655962,1399,LEXUS,RX 450,2010,Jeep,Yes,Hybrid,3.5,167222 km,6,Automatic,4x4,04-May,Left wheel,Black,12,
45800003,779,LEXUS,ES 300 Hibrid,2013,Sedan,Yes,Hybrid,2.5,95000 km,4,Tiptronic,Front,04-May,Left wheel,Black,12,
45814317,586,LEXUS,CT 200h,2012,Hatchback,Yes,Hybrid,1.8,97000 km,4,Automatic,Front,04-May,Left wheel,Black,10,
45658593,1356,LEXUS,GX 460,2014,Jeep,Yes,Petrol,4.6,200402 km,8,Automatic,4x4,04-May,Left wheel,Silver,0,
45770148,1360,LEXUS,GX 470,2013,Jeep,Yes,Petrol,4.6,154115 km,8,Automatic,4x4,04-May,Left wheel,Black,0,
45647688,1646,LEXUS,GX 460,2015,Jeep,Yes,Petrol,4.6,129931 km,8,Automatic,4x4,04-May,Left wheel,Black,0,
45654514,1399,LEXUS,RX 450,2010,Jeep,Yes,Hybrid,3.5,311949 km,6,Automatic,Front,04-May,Left wheel,Silver,12,
45664249,1360,LEXUS,GX 460,2013,Jeep,Yes,Petrol,4.6,243467 km,8,Automatic,4x4,04-May,Left wheel,White,0,
45656513,1058,LEXUS,RX 450,2012,Jeep,Yes,Hybrid,3.5,232357 km,6,Automatic,4x4,04-May,Left wheel,Black,12,
45759533,586,LEXUS,CT 200h,2012,Hatchback,Yes,Hybrid,1.8,192683 km,4,Automatic,Front,04-May,Left wheel,White,0,
45804456,1172,LEXUS,RX 350,2011,Jeep,Yes,Petrol,3.5,138208 km,4,Automatic,Front,04-May,Left wheel,Black,4,
45764749,586,LEXUS,CT 200h,2012,Hatchback,Yes,Hybrid,1.8,192683 km,4,Automatic,Front,04-May,Left wheel,White,0,
45811121,586,LEXUS,CT 200h,2012,Hatchback,Yes,Hybrid,1.8,174106 km,4,Automatic,Front,04-May,Left wheel,White,12,
45756957,1363,LEXUS,GX 460,2012,Jeep,Yes,Petrol,4.6,229334 km,8,Automatic,4x4,04-May,Left wheel,Black,0,
45759878,1363,LEXUS,GX 460,2012,Jeep,Yes,Petrol,4.6,189704 km,8,Automatic,4x4,04-May,Left wheel,Grey,0,
45772705,1360,LEXUS,GX 470,2013,Jeep,Yes,Petrol,4.6,202651 km,8,Automatic,4x4,04-May,Left wheel,Black,0,
45801048,585,LEXUS,CT 200h,2013,Hatchback,Yes,Hybrid,1.8,115000 km,8,Variator,Front,04-May,Left wheel,Silver,8,
45758317,1514,LEXUS,GX 470,2011,Sedan,Yes,Petrol,4.6,202048 km,8,Automatic,4x4,04-May,Left wheel,White,0,
45759222,2151,LEXUS,GX 470,2009,Jeep,Yes,Petrol,4.7,264339 km,8,Automatic,4x4,04-May,Left wheel,Black,0,
45763797,1514,LEXUS,GX 470,2011,Sedan,Yes,Petrol,4.6,202048 km,8,Automatic,4x4,04-May,Left wheel,White,0,
45755707,397,LEXUS,CT 200h,2016,Hatchback,Yes,Hybrid,1.8,83019 km,4,Automatic,Front,04-May,Left wheel,Black,0,
45813585,1399,LEXUS,RX 450,2010,Jeep,Yes,Hybrid,3.5,259090 km,6,Automatic,4x4,04-May,Left wheel,Black,12,
45654608,1058,LEXUS,RX 450,2012,Jeep,Yes,Hybrid,3.5,232357 km,6,Automatic,4x4,04-May,Left wheel,Black,12,
45655998,1399,LEXUS,RX 450,2010,Jeep,Yes,Hybrid,3.5,382746 km,6,Automatic,4x4,04-May,Left wheel,Silver,12,
45815350,765,LEXUS,NX 200,2015,Jeep,Yes,Petrol,2,109336 km,4,Automatic,4x4,04-May,Left wheel,Grey,12,
45763950,1363,LEXUS,GX 460,2012,Jeep,Yes,Petrol,4.6,189704 km,8,Automatic,4x4,04-May,Left wheel,Grey,0,
44685443,-,LEXUS,HS 250h,2010,Sedan,Yes,Hybrid,2.4,224000 km,4,Automatic,Front,04-May,Left wheel,Sky blue,8,
45646368,1646,LEXUS,GX 460,2015,Jeep,Yes,Petrol,4.6,102907 km,8,Automatic,4x4,04-May,Left wheel,Black,0,
45759868,1360,LEXUS,GX 470,2013,Jeep,Yes,Petrol,4.6,202651 km,8,Automatic,4x4,04-May,Left wheel,Black,0,
45813865,609,LEXUS,NX 200,2018,Jeep,Yes,Hybrid,2.5,40334 km,4,Automatic,4x4,04-May,Left wheel,Grey,12,
45791246,-,LEXUS,RX 400,2008,Jeep,Yes,Hybrid,3.3,1000 km,6,Tiptronic,4x4,04-May,Left wheel,Black,6,
44870874,645,LEXUS,CT 200h,2011,Hatchback,Yes,Hybrid,1.8,120000 km,4,Automatic,Front,04-May,Left wheel,Grey,0,
45757305,1363,LEXUS,GX 460,2012,Jeep,Yes,Petrol,4.6,189704 km,8,Automatic,4x4,04-May,Left wheel,Grey,0,
45806324,585,LEXUS,CT 200h,2013,Hatchback,Yes,Hybrid,1.8,63890 km,4,Automatic,Front,04-May,Left wheel,White,12,
45760201,2455,LEXUS,GX 470,2008,Jeep,Yes,Petrol,4.7,263190 km,8,Automatic,4x4,04-May,Left wheel,White,0,
45095949,353,LEXUS,CT 200h,2015,Hatchback,Yes,Hybrid,1.8,112000 km,4,Automatic,Rear,04-May,Left wheel,White,8,
45749061,-,LEXUS,RX 400,2007,Jeep,Yes,Hybrid,3.3,178526 km,6,Automatic,4x4,04-May,Left wheel,Black,12,
45647673,1360,LEXUS,GX 460,2013,Jeep,Yes,Petrol,4.6,243467 km,8,Automatic,4x4,04-May,Left wheel,White,0,
45664254,1646,LEXUS,GX 460,2015,Sedan,Yes,Petrol,4.6,102907 km,8,Automatic,4x4,04-May,Left wheel,Black,0,
45759907,2225,LEXUS,GX 460,2017,Jeep,Yes,Petrol,4.6,69918 km,8,Automatic,4x4,04-May,Left wheel,White,0,
45811115,1399,LEXUS,RX 450,2010,Jeep,Yes,Hybrid,3.5,186005 km,6,Automatic,4x4,04-May,Left wheel,Silver,12,
45764938,1811,LEXUS,GX 460,2010,Jeep,Yes,Petrol,4.6,275240 km,8,Automatic,4x4,04-May,Left wheel,Silver,0,
45766693,2225,LEXUS,GX 460,2017,Jeep,Yes,Petrol,4.6,69918 km,8,Automatic,4x4,04-May,Left wheel,White,0,
43996460,765,LEXUS,NX 200,2015,Jeep,Yes,Petrol,2.0 Turbo,83000 km,4,Automatic,Front,04-May,Left wheel,Silver,12,
45661380,1850,LEXUS,RX 450,2008,Jeep,Yes,Hybrid,3.5,244731 km,6,Automatic,Front,04-May,Left wheel,Black,12,
45756954,2455,LEXUS,GX 470,2008,Jeep,Yes,Petrol,4.7,0 km,8,Automatic,4x4,04-May,Left wheel,White,0,
45769266,1646,LEXUS,GX 460,2015,Jeep,Yes,Petrol,4.6,102907 km,8,Automatic,4x4,04-May,Left wheel,Black,0,
45813889,1363,LEXUS,LS 460,2012,Sedan,Yes,Petrol,4.6,243310 km,8,Automatic,Rear,04-May,Left wheel,Black,12,
45660039,1399,LEXUS,RX 450,2010,Jeep,Yes,Hybrid,3.5,311949 km,6,Automatic,Front,04-May,Left wheel,Silver,12,
45764101,1935,LEXUS,GX 460,2016,Jeep,Yes,Petrol,4.6,155976 km,8,Automatic,4x4,04-May,Left wheel,White,0,
45660752,1172,LEXUS,RX 450,2011,Jeep,Yes,Hybrid,3.5,101816 km,6,Automatic,4x4,04-May,Left wheel,Black,12,
45761334,1363,LEXUS,GX 460,2012,Jeep,Yes,Petrol,4.6,255406 km,8,Automatic,4x4,04-May,Left wheel,Black,0,
45770135,1363,LEXUS,GX 460,2012,Jeep,Yes,Petrol,4.6,229334 km,8,Automatic,4x4,04-May,Left wheel,Black,0,
45770111,1811,LEXUS,GX 470,2010,Jeep,Yes,Petrol,4.6,357246 km,8,Automatic,4x4,04-May,Left wheel,Grey,0,
45658800,1850,LEXUS,RX 400,2008,Jeep,Yes,Hybrid,3.5,364523 km,6,Automatic,4x4,04-May,Left wheel,Black,12,
45655136,1058,LEXUS,RX 450,2012,Jeep,Yes,Hybrid,3.5,232357 km,6,Automatic,4x4,04-May,Left wheel,Black,12,
45649881,1058,LEXUS,RX 450,2012,Jeep,Yes,Hybrid,3.5,232357 km,6,Automatic,4x4,04-May,Left wheel,Black,12,
45781257,1172,LEXUS,GS 350,2011,Sedan,Yes,Petrol,3.5,123000 km,6,Tiptronic,4x4,04-May,Left wheel,Blue,12,
45759097,2151,LEXUS,GX 470,2009,Jeep,Yes,Petrol,4.7,264339 km,8,Automatic,4x4,04-May,Left wheel,Black,0,
45757293,1646,LEXUS,GX 470,2015,Jeep,Yes,Petrol,4.6,273493 km,8,Automatic,4x4,04-May,Left wheel,Silver,0,
45815360,1399,LEXUS,RX 350,2010,Jeep,Yes,Petrol,3.5,138070 km,6,Automatic,4x4,04-May,Left wheel,Black,12,
45784278,1514,LEXUS,GX 460,2011,Jeep,Yes,Petrol,4.6,152000 km,8,Automatic,4x4,04-May,Left wheel,Grey,8,
45759900,1514,LEXUS,GX 470,2011,Sedan,Yes,Petrol,4.6,202048 km,8,Automatic,4x4,04-May,Left wheel,White,0,
45658808,690,LEXUS,RX 400,2016,Jeep,Yes,Hybrid,3.5,27038 km,6,Automatic,4x4,04-May,Left wheel,White,12,
45649858,690,LEXUS,RX 450,2016,Jeep,Yes,Hybrid,3.5,0 km,6,Automatic,Front,04-May,Left wheel,Grey,12,
45758236,2455,LEXUS,GX 470,2008,Jeep,Yes,Petrol,4.7,280354 km,8,Automatic,4x4,04-May,Left wheel,White,0,
45647620,1514,LEXUS,GX 460,2011,Jeep,Yes,Petrol,4.6,160138 km,8,Automatic,4x4,04-May,Left wheel,White,0,
45759853,1811,LEXUS,GX 470,2010,Jeep,Yes,Petrol,4.6,357246 km,8,Automatic,4x4,04-May,Left wheel,Grey,0,
45764131,1363,LEXUS,GX 460,2012,Jeep,Yes,Petrol,4.6,189704 km,8,Automatic,4x4,04-May,Left wheel,Grey,0,
45768019,1058,LEXUS,RX 450,2012,Jeep,Yes,Hybrid,3.5,11200 km,6,Automatic,4x4,04-May,Left wheel,White,8,
45756937,1811,LEXUS,GX 470,2010,Jeep,Yes,Petrol,4.6,357246 km,8,Automatic,4x4,04-May,Left wheel,Grey,0,
43178509,-,LEXUS,RX 450,2013,Jeep,Yes,Hybrid,3.5,79790 km,6,Tiptronic,4x4,04-May,Left wheel,Grey,12,
45771182,-,LEXUS,ES 300,2012,Sedan,Yes,Hybrid,2.5,135500 km,4,Tiptronic,Front,04-May,Left wheel,White,9,
45756948,2455,LEXUS,GX 470,2008,Jeep,Yes,Petrol,4.7,280354 km,8,Automatic,4x4,04-May,Left wheel,White,0,
45764681,645,LEXUS,CT 200h,2011,Hatchback,Yes,Hybrid,1.8,224267 km,4,Automatic,Front,04-May,Left wheel,Silver,0,
45764102,1646,LEXUS,GX 460,2015,Jeep,Yes,Petrol,4.6,188078 km,8,Automatic,4x4,04-May,Left wheel,Black,0,
45760105,353,LEXUS,CT 200h,2015,Hatchback,Yes,Hybrid,1.8,115347 km,4,Automatic,Front,04-May,Left wheel,Grey,0,
45653725,1360,LEXUS,GX 460,2013,Jeep,Yes,Petrol,4.6,243467 km,8,Automatic,4x4,04-May,Left wheel,White,0,
45768522,1646,LEXUS,GX 470,2015,Jeep,Yes,Petrol,4.6,273493 km,8,Automatic,4x4,04-May,Left wheel,Silver,0,
45758111,1363,LEXUS,GX 460,2012,Jeep,Yes,Petrol,4.6,189704 km,8,Automatic,4x4,04-May,Left wheel,Grey,0,
45768374,1935,LEXUS,GX 460,2016,Jeep,Yes,Petrol,4.6,155976 km,8,Automatic,4x4,04-May,Left wheel,White,0,
45655096,690,LEXUS,RX 450,2016,Jeep,Yes,Hybrid,3.5,0 km,6,Automatic,Front,04-May,Left wheel,Grey,12,
45763788,2455,LEXUS,GX 470,2008,Jeep,Yes,Petrol,4.7,218126 km,8,Automatic,4x4,04-May,Left wheel,Black,0,
45810987,1356,LEXUS,GX 460,2014,Jeep,Yes,Petrol,4.6,159784 km,8,Automatic,4x4,04-May,Left wheel,White,12,
45768512,1646,LEXUS,GX 460,2015,Jeep,Yes,Petrol,4.6,188078 km,8,Automatic,4x4,04-May,Left wheel,Black,0,
45815348,1273,LEXUS,RX 350,2015,Jeep,Yes,Petrol,3.5,71939 km,6,Automatic,4x4,04-May,Left wheel,Black,12,
45764107,1363,LEXUS,GX 460,2012,Jeep,Yes,Petrol,4.6,255406 km,8,Automatic,4x4,04-May,Left wheel,Black,0,
45805494,-,LEXUS,RX 450,2010,Jeep,Yes,Hybrid,3.5,195504 km,6,Tiptronic,4x4,04-May,Left wheel,White,12,
45759129,2455,LEXUS,GX 470,2008,Jeep,Yes,Petrol,4.7,218126 km,8,Automatic,4x4,04-May,Left wheel,Black,0,
45658762,690,LEXUS,RX 450,2016,Jeep,Yes,Hybrid,3.5,0 km,6,Automatic,Front,04-May,Left wheel,Grey,12,
45815351,1399,LEXUS,RX 350,2010,Jeep,Yes,Petrol,3.5,138211 km,6,Automatic,4x4,04-May,Left wheel,Black,12,
45656505,1399,LEXUS,RX 450,2010,Jeep,Yes,Hybrid,3.5,315270 km,6,Automatic,4x4,04-May,Left wheel,Grey,12,
45655173,1850,LEXUS,RX 400,2008,Jeep,Yes,Hybrid,3.5,364523 km,6,Automatic,4x4,04-May,Left wheel,Black,12,
45654078,1646,LEXUS,GX 460,2015,Jeep,Yes,Petrol,4.6,129931 km,8,Automatic,4x4,04-May,Left wheel,Black,0,
45761367,1514,LEXUS,GX 470,2011,Sedan,Yes,Petrol,4.6,202048 km,8,Automatic,4x4,04-May,Left wheel,White,0,
45806655,308,LEXUS,CT 200h,2014,Hatchback,Yes,Hybrid,1.8,156904 km,4,Automatic,Front,04-May,Left wheel,White,12,
45660601,1399,LEXUS,RX 450,2010,Jeep,Yes,Hybrid,3.5,311949 km,6,Automatic,Front,04-May,Left wheel,Silver,12,
45759103,2455,LEXUS,GX 470,2008,Jeep,Yes,Petrol,4.7,280354 km,8,Automatic,4x4,04-May,Left wheel,White,0,
45796603,1399,LEXUS,RX 450,2010,Jeep,Yes,Hybrid,3.5,18600 km,6,Automatic,4x4,04-May,Left wheel,Silver,6,
45759876,1363,LEXUS,GX 460,2012,Jeep,Yes,Petrol,4.6,229334 km,8,Automatic,4x4,04-May,Left wheel,Black,0,
45653235,1850,LEXUS,RX 400,2008,Jeep,Yes,Hybrid,3.5,244731 km,6,Automatic,Front,04-May,Left wheel,Black,12,
45768421,2455,LEXUS,GX 470,2008,Jeep,Yes,Petrol,4.7,263190 km,8,Automatic,4x4,04-May,Left wheel,White,0,
45658563,1399,LEXUS,RX 450,2010,Jeep,Yes,Hybrid,3.5,186005 km,6,Automatic,4x4,04-May,Left wheel,Silver,12,
45769275,1360,LEXUS,GX 470,2013,Jeep,Yes,Petrol,4.6,154115 km,8,Automatic,4x4,04-May,Left wheel,Black,0,
45785916,-,LEXUS,RX 400 4/4,2008,Jeep,Yes,Hybrid,3.3,243200 km,4,Automatic,4x4,04-May,Left wheel,Beige,10,
45794589,-,LEXUS,GX 460,2010,Jeep,Yes,Petrol,4.6,148800 km,8,Automatic,4x4,04-May,Left wheel,Brown,0,
45763964,2455,LEXUS,GX 470,2008,Jeep,Yes,Petrol,4.7,218126 km,8,Automatic,4x4,04-May,Left wheel,Black,0,
45763918,1811,LEXUS,GX 460,2010,Jeep,Yes,Petrol,4.6,260771 km,8,Automatic,4x4,04-May,Left wheel,Black,0,
45660250,1172,LEXUS,RX 450,2011,Jeep,Yes,Hybrid,3.5,101816 km,6,Automatic,4x4,04-May,Left wheel,Black,12,
45756969,2455,LEXUS,GX 470,2008,Jeep,Yes,Petrol,4.7,218126 km,8,Automatic,4x4,04-May,Left wheel,Black,0,
45772419,1514,LEXUS,GX 470,2011,Sedan,Yes,Petrol,4.6,202048 km,8,Automatic,4x4,04-May,Left wheel,White,0,
45815483,1493,LEXUS,RX 350,2016,Jeep,Yes,Petrol,3.5,63824 km,6,Automatic,4x4,04-May,Left wheel,White,12,
45815360,1399,LEXUS,RX 350,2010,Jeep,Yes,Petrol,3.5,138070 km,6,Automatic,4x4,04-May,Left wheel,Black,12,
45374071,394,LEXUS,ES 300,2014,Sedan,Yes,Hybrid,2.5,101000 km,4,Variator,Front,04-May,Left wheel,Black,12,
45813305,1664,LEXUS,LX 570,2013,Jeep,Yes,Petrol,5.7,211638 km,8,Automatic,4x4,04-May,Left wheel,Black,12,
45764744,353,LEXUS,CT 200h,2015,Hatchback,Yes,Hybrid,1.8,115347 km,4,Automatic,Front,04-May,Left wheel,Grey,0,
45768515,2151,LEXUS,GX 470,2009,Jeep,Yes,Petrol,4.7,264339 km,8,Automatic,4x4,04-May,Left wheel,Black,0,
45813165,394,LEXUS,ES 300,2014,Sedan,Yes,Hybrid,2.5,113646 km,4,Automatic,Front,04-May,Left wheel,Grey,0,
45756346,1079,LEXUS,NX 300,2018,Jeep,Yes,Petrol,2.0 Turbo,9000 km,4,Tiptronic,4x4,04-May,Left wheel,Golden,12,
45766646,1363,LEXUS,GX 460,2012,Jeep,Yes,Petrol,4.6,189704 km,8,Automatic,4x4,04-May,Left wheel,Grey,0,
45757717,645,LEXUS,CT 200h,2011,Hatchback,Yes,Hybrid,1.8,224267 km,4,Automatic,Front,04-May,Left wheel,Silver,0,
45176159,-,LEXUS,RX 330,2003,Jeep,Yes,Petrol,3.3,181250 km,6,Automatic,4x4,04-May,Left wheel,Grey,6,
45653279,1055,LEXUS,RX 450,2013,Jeep,Yes,Hybrid,3.5,361603 km,6,Automatic,Front,04-May,Left wheel,Black,12,
45728373,1055,LEXUS,RX 450,2013,Jeep,Yes,Hybrid,3.5,163010 km,6,Automatic,Front,04-May,Left wheel,Black,12,
45806667,1058,LEXUS,ES 350,2012,Sedan,Yes,Petrol,3.5,124669 km,6,Automatic,Front,04-May,Left wheel,Black,12,
45656521,1850,LEXUS,RX 400,2008,Jeep,Yes,Hybrid,3.5,364523 km,6,Automatic,4x4,04-May,Left wheel,Black,12,
44642445,-,LEXUS,GX 470 GX470,2004,Jeep,Yes,Petrol,4.7,180000 km,8,Tiptronic,4x4,>5,Left wheel,Silver,8,
45790385,-,LEXUS,RX 350,2010,Jeep,Yes,Petrol,3.5,125700 km,6,Tiptronic,4x4,04-May,Left wheel,Black,12,
45768534,1363,LEXUS,GX 460,2012,Jeep,Yes,Petrol,4.6,229334 km,8,Automatic,4x4,04-May,Left wheel,Black,0,
45369122,-,LEXUS,GX 460,2010,Jeep,Yes,LPG,4.6,59000 km,8,Tiptronic,4x4,04-May,Left wheel,Silver,12,
45759262,1811,LEXUS,GX 460,2010,Jeep,Yes,Petrol,4.6,275240 km,8,Automatic,4x4,04-May,Left wheel,Silver,0,
45150303,-,LEXUS,IS 350,2011,Sedan,Yes,Petrol,3.5,89000 km,6,Automatic,Rear,04-May,Left wheel,Silver,12,
45660043,1055,LEXUS,RX 450,2013,Jeep,Yes,Hybrid,3.5,138038 km,6,Automatic,Front,04-May,Left wheel,White,12,
45645794,1646,LEXUS,GX 460,2015,Jeep,Yes,Petrol,4.6,102907 km,8,Automatic,4x4,04-May,Left wheel,Black,0,
45815351,1399,LEXUS,RX 350,2010,Jeep,Yes,Petrol,3.5,138211 km,6,Automatic,4x4,04-May,Left wheel,Black,12,
45772733,2455,LEXUS,GX 470,2008,Jeep,Yes,Petrol,4.7,218126 km,8,Automatic,4x4,04-May,Left wheel,Black,0,
45786774,-,LEXUS,RX 350,2011,Sedan,Yes,Petrol,3.2,99999 km,6,Automatic,4x4,04-May,Left wheel,Black,6,
45815531,585,LEXUS,CT 200h,2013,Hatchback,Yes,Hybrid,1.8,117000 km,6,Tiptronic,4x4,04-May,Left wheel,Black,16,
45768538,1363,LEXUS,GX 460,2012,Jeep,Yes,Petrol,4.6,189704 km,8,Automatic,4x4,04-May,Left wheel,Grey,0,
45768662,308,LEXUS,CT 200h,2014,Hatchback,Yes,Hybrid,1.8,132563 km,4,Automatic,Front,04-May,Left wheel,Red,0,
45656835,690,LEXUS,RX 450,2016,Jeep,Yes,Hybrid,3.5,59858 km,6,Automatic,Front,04-May,Left wheel,Silver,12,
45646441,1363,LEXUS,GX 460,2012,Jeep,Yes,Petrol,4.6,229334 km,8,Automatic,4x4,04-May,Left wheel,Black,0,
45765386,586,LEXUS,CT 200h,2012,Hatchback,Yes,Hybrid,1.8,192683 km,4,Automatic,Front,04-May,Left wheel,White,0,
45760087,353,LEXUS,CT 200h,2015,Hatchback,Yes,Hybrid,1.8,94949 km,4,Automatic,Front,04-May,Left wheel,White,0,
45810998,1058,LEXUS,RX 450,2012,Jeep,Yes,Hybrid,3.5,257072 km,6,Automatic,4x4,04-May,Left wheel,Grey,12,
45815352,1172,LEXUS,RX 350,2011,Jeep,Yes,Petrol,3.5,181189 km,6,Automatic,4x4,04-May,Left wheel,White,12,
45759158,2225,LEXUS,GX 460,2017,Jeep,Yes,Petrol,4.6,69918 km,8,Automatic,4x4,04-May,Left wheel,White,0,
45764116,1646,LEXUS,GX 470,2015,Jeep,Yes,Petrol,4.6,273493 km,8,Automatic,4x4,04-May,Left wheel,Silver,0,
45749102,1750,LEXUS,RX 400,2008,Jeep,Yes,Hybrid,3.3,163331 km,6,Automatic,4x4,04-May,Left wheel,Black,10,
45077335,-,LEXUS,HS 250h HYBRID,2010,Sedan,Yes,Hybrid,2.4,157099 km,6,Variator,Front,04-May,Left wheel,Brown,8,
45651113,1399,LEXUS,RX 450,2010,Jeep,Yes,Hybrid,3.5,382746 km,6,Automatic,4x4,04-May,Left wheel,Silver,12,
45804464,1273,LEXUS,RX 350,2015,Jeep,Yes,Petrol,3.5,107923 km,4,Automatic,Front,04-May,Left wheel,Silver,4,
45659948,1646,LEXUS,GX 460,2015,Sedan,Yes,Petrol,4.6,129931 km,8,Automatic,4x4,04-May,Left wheel,Black,0,
45647625,1363,LEXUS,GX 460,2012,Jeep,Yes,Petrol,4.6,229334 km,8,Automatic,4x4,04-May,Left wheel,Black,0,
45367524,645,LEXUS,CT 200h,2011,Sedan,Yes,Hybrid,1.8,87000 km,8,Automatic,Front,04-May,Left wheel,Brown,8,
45655186,1646,LEXUS,GX 460,2015,Sedan,Yes,Petrol,4.6,129931 km,8,Automatic,4x4,04-May,Left wheel,Black,0,
45806826,1714,LEXUS,ES 350,2017,Sedan,Yes,Petrol,3.5,63110 km,6,Automatic,Front,04-May,Left wheel,Grey,12,
45654619,1850,LEXUS,RX 400,2008,Jeep,Yes,Hybrid,3.5,364523 km,6,Automatic,4x4,04-May,Left wheel,Black,12,
45763776,1811,LEXUS,GX 460,2010,Jeep,Yes,Petrol,4.6,155821 km,8,Automatic,4x4,04-May,Left wheel,Black,0,
45816242,2068,LEXUS,RX 400,2007,Jeep,Yes,Hybrid,3.3,140332 km,6,Variator,4x4,04-May,Left wheel,Silver,8,
45766631,1646,LEXUS,GX 470,2015,Jeep,Yes,Petrol,4.6,273493 km,8,Automatic,4x4,04-May,Left wheel,Silver,0,
45762379,586,LEXUS,CT 200h,2012,Hatchback,Yes,Hybrid,1.8,142394 km,4,Automatic,Front,04-May,Left wheel,White,0,
45658582,1646,LEXUS,GX 460,2015,Jeep,Yes,Petrol,4.6,188078 km,8,Automatic,4x4,04-May,Left wheel,Black,0,
45759089,1646,LEXUS,GX 470,2015,Jeep,Yes,Petrol,4.6,106918 km,8,Automatic,4x4,04-May,Left wheel,Black,0,
45772381,1363,LEXUS,GX 460,2012,Jeep,Yes,Petrol,4.6,229334 km,8,Automatic,4x4,04-May,Left wheel,Black,0,
45655768,1058,LEXUS,RX 450,2012,Jeep,Yes,Hybrid,3.5,232357 km,6,Automatic,4x4,04-May,Left wheel,Black,12,
45396295,-,LEXUS,NX 200,2016,Jeep,Yes,Petrol,2.0 Turbo,98000 km,4,Automatic,4x4,04-May,Left wheel,Black,12,
45538982,-,LEXUS,RX 330,2006,Jeep,Yes,Petrol,3.3,225000 km,6,Automatic,4x4,04-May,Left wheel,Silver,10,
45651966,1399,LEXUS,RX 450,2010,Jeep,Yes,Hybrid,3.5,317470 km,6,Automatic,4x4,04-May,Left wheel,Grey,12,
45766663,1811,LEXUS,GX 460,2010,Jeep,Yes,Petrol,4.6,275240 km,8,Automatic,4x4,04-May,Left wheel,Silver,0,
45804360,862,LEXUS,IS 250,2011,Sedan,Yes,Petrol,2.5,171748 km,4,Automatic,Front,04-May,Left wheel,White,4,
45806874,645,LEXUS,CT 200h,2011,Hatchback,Yes,Hybrid,1.8,122302 km,4,Automatic,Front,04-May,Left wheel,Black,12,
45756498,-,LEXUS,GX 470,2003,Jeep,Yes,Petrol,4.7,260000 km,8,Automatic,4x4,04-May,Left wheel,Golden,8,
45771468,1646,LEXUS,GX 470,2015,Jeep,Yes,Petrol,4.6,273493 km,8,Automatic,4x4,04-May,Left wheel,Silver,0,
45652181,690,LEXUS,RX 450,2016,Jeep,Yes,Hybrid,3.5,59858 km,6,Automatic,Front,04-May,Left wheel,Silver,12,
45759515,308,LEXUS,CT 200h,2014,Hatchback,Yes,Hybrid,1.8,132563 km,4,Automatic,Front,04-May,Left wheel,Red,0,
45765340,645,LEXUS,CT 200h,2011,Hatchback,Yes,Hybrid,1.8,224267 km,4,Automatic,Front,04-May,Left wheel,Silver,0,
45776521,1935,LEXUS,GX 460,2016,Jeep,Yes,Petrol,4.6,91200 km,8,Tiptronic,4x4,04-May,Left wheel,White,0,
45759264,2455,LEXUS,GX 470,2008,Jeep,Yes,Petrol,4.7,263190 km,8,Automatic,4x4,04-May,Left wheel,White,0,
45758101,1646,LEXUS,GX 470,2015,Jeep,Yes,Petrol,4.6,273493 km,8,Automatic,4x4,04-May,Left wheel,Silver,0,
45654010,1646,LEXUS,GX 460,2015,Jeep,Yes,Petrol,4.6,188078 km,8,Automatic,4x4,04-May,Left wheel,Black,0,
45811004,585,LEXUS,CT 200h,2013,Hatchback,Yes,Hybrid,1.8,129040 km,4,Automatic,Front,04-May,Left wheel,White,12,
45768180,586,LEXUS,CT 200h,2012,Hatchback,Yes,Hybrid,1.8,142394 km,4,Automatic,Front,04-May,Left wheel,White,0,
45758233,1811,LEXUS,GX 460,2010,Jeep,Yes,Petrol,4.6,260771 km,8,Automatic,4x4,04-May,Left wheel,Black,0,
45769249,1363,LEXUS,GX 460,2012,Jeep,Yes,Petrol,4.6,229334 km,8,Automatic,4x4,04-May,Left wheel,Black,0,
45653833,1399,LEXUS,RX 400,2010,Jeep,Yes,Hybrid,3.5,315270 km,6,Automatic,4x4,04-May,Left wheel,Grey,12,
45804424,2108,LEXUS,LS 460,2009,Sedan,Yes,Petrol,4.6,227230 km,4,Automatic,Front,04-May,Left wheel,Black,4,
45793445,1053,LEXUS,RX 350,2014,Jeep,Yes,Petrol,3.5,90000 km,6,Tiptronic,4x4,04-May,Left wheel,Black,16,
45798720,-,LEXUS,LS 400,1994,Sedan,Yes,CNG,4,25000 km,8,Automatic,Rear,04-May,Left wheel,Black,4,
45728046,986,LEXUS,HS 250h,2010,Sedan,Yes,Hybrid,2.4,111674 km,4,Automatic,Front,04-May,Left wheel,White,12,
45813658,585,LEXUS,CT 200h,2013,Hatchback,Yes,Hybrid,1.8,128784 km,4,Automatic,Front,04-May,Left wheel,Black,12,
45757749,645,LEXUS,CT 200h,2011,Hatchback,Yes,Hybrid,1.8,95590 km,4,Automatic,Front,04-May,Left wheel,White,0,
45757303,1363,LEXUS,GX 460,2012,Jeep,Yes,Petrol,4.6,229334 km,8,Automatic,4x4,04-May,Left wheel,Black,0,
44822840,779,LEXUS,ES 300,2013,Sedan,Yes,Hybrid,2.5,118000 km,4,Tiptronic,Front,04-May,Left wheel,White,8,
45654180,1363,LEXUS,GX 460,2012,Jeep,Yes,Petrol,4.6,229334 km,8,Automatic,4x4,04-May,Left wheel,Black,0,
45649815,1363,LEXUS,GX 460,2012,Jeep,Yes,Petrol,4.6,229334 km,8,Automatic,4x4,04-May,Left wheel,Black,0,
45658692,1646,LEXUS,GX 460,2015,Sedan,Yes,Petrol,4.6,102907 km,8,Automatic,4x4,04-May,Left wheel,Black,0,
45776497,-,LEXUS,GS 450,2006,Sedan,Yes,Hybrid,3.5,164000 km,6,Tiptronic,Rear,04-May,Left wheel,Silver,10,
45769806,1811,LEXUS,GX 460,2010,Jeep,Yes,Petrol,4.6,155821 km,8,Automatic,4x4,04-May,Left wheel,Black,0,
45804347,1399,LEXUS,ES 300,2010,Sedan,Yes,Petrol,3.5,157611 km,4,Automatic,Front,04-May,Left wheel,Silver,4,
45764903,1811,LEXUS,GX 470,2010,Jeep,Yes,Petrol,4.6,357246 km,8,Automatic,4x4,04-May,Left wheel,Grey,0,
45653201,1055,LEXUS,RX 450,2013,Jeep,Yes,Hybrid,3.5,138038 km,6,Automatic,Front,04-May,Left wheel,White,12,
45772864,585,LEXUS,CT 200h,2013,Hatchback,Yes,Hybrid,1.8,188194 km,4,Automatic,Front,04-May,Left wheel,Black,0,
45660698,1399,LEXUS,RX 450,2010,Jeep,Yes,Hybrid,3.5,315270 km,6,Automatic,4x4,04-May,Left wheel,Grey,12,
45815355,1172,LEXUS,IS 350,2011,Sedan,Yes,Petrol,3.5,259066 km,6,Automatic,4x4,04-May,Left wheel,Silver,12,
45473799,-,LEXUS,IS 200,2016,Sedan,Yes,Petrol,2.0 Turbo,37000 km,8,Tiptronic,Rear,04-May,Left wheel,White,12,
45813322,777,LEXUS,IS 250,2014,Sedan,Yes,Petrol,2.5,106216 km,6,Automatic,Rear,04-May,Left wheel,Black,12,
45764689,586,LEXUS,CT 200h,2012,Hatchback,Yes,Hybrid,1.8,142394 km,4,Automatic,Front,04-May,Left wheel,White,0,
45639763,586,LEXUS,CT 200h,2012,Sedan,Yes,Hybrid,1.8,97000 km,4,Automatic,Front,04-May,Left wheel,Brown,8,
45759261,1646,LEXUS,GX 460,2015,Jeep,Yes,Petrol,4.6,102907 km,8,Automatic,4x4,04-May,Left wheel,Black,0,
45806830,1493,LEXUS,RX 350,2016,Jeep,Yes,Petrol,3.5,5680 km,6,Automatic,4x4,04-May,Left wheel,Red,12,
45761523,2528,LEXUS,ES 300 hybrid,2015,Sedan,Yes,Hybrid,2.5,37000 km,4,Automatic,Front,04-May,Right-hand drive,Silver,10,
45655010,1399,LEXUS,RX 450,2010,Jeep,Yes,Hybrid,3.5,167222 km,6,Automatic,4x4,04-May,Left wheel,Black,12,
45661941,1399,LEXUS,RX 450,2010,Jeep,Yes,Hybrid,3.5,167222 km,6,Automatic,4x4,04-May,Left wheel,Black,12,
45761330,1646,LEXUS,GX 460,2015,Jeep,Yes,Petrol,4.6,188078 km,8,Automatic,4x4,04-May,Left wheel,Black,0,
45761351,1363,LEXUS,GX 460,2012,Jeep,Yes,Petrol,4.6,189704 km,8,Automatic,4x4,04-May,Left wheel,Grey,0,
45772679,1811,LEXUS,GX 470,2010,Jeep,Yes,Petrol,4.6,357246 km,8,Automatic,4x4,04-May,Left wheel,Grey,0,
45759247,1363,LEXUS,GX 460,2012,Jeep,Yes,Petrol,4.6,189704 km,8,Automatic,4x4,04-May,Left wheel,Grey,0,
45815461,765,LEXUS,NX 200,2015,Jeep,Yes,Petrol,2,109336 km,4,Automatic,4x4,04-May,Left wheel,Grey,12,
44896116,586,LEXUS,CT 200h,2012,Hatchback,Yes,Hybrid,1.8,95965 km,4,Automatic,Front,04-May,Left wheel,Carnelian red,12,
45653271,603,LEXUS,RX 450,2015,Jeep,Yes,Hybrid,3.5,143619 km,6,Automatic,4x4,04-May,Left wheel,Black,12,
45815355,1172,LEXUS,IS 350,2011,Sedan,Yes,Petrol,3.5,259066 km,6,Automatic,4x4,04-May,Left wheel,Silver,12,
45804421,1811,LEXUS,LS 460,2010,Sedan,Yes,Petrol,4.6,145555 km,4,Automatic,Front,04-May,Left wheel,Silver,4,
45645802,1646,LEXUS,GX 460,2015,Jeep,Yes,Petrol,4.6,129931 km,8,Automatic,4x4,04-May,Left wheel,Black,0,
45772355,1935,LEXUS,GX 460,2016,Jeep,Yes,Petrol,4.6,155976 km,8,Automatic,4x4,04-May,Left wheel,White,0,
44949341,1399,LEXUS,RX 450,2010,Jeep,Yes,Hybrid,3.5,170000 km,6,Tiptronic,4x4,04-May,Left wheel,Black,12,
45656816,1055,LEXUS,RX 450,2013,Jeep,Yes,Hybrid,3.5,361603 km,6,Automatic,Front,04-May,Left wheel,Black,12,
45757283,2151,LEXUS,GX 470,2009,Jeep,Yes,Petrol,4.7,264339 km,8,Automatic,4x4,04-May,Left wheel,Black,0,
45764118,1360,LEXUS,GX 470,2013,Jeep,Yes,Petrol,4.6,202651 km,8,Automatic,4x4,04-May,Left wheel,Black,0,
45813316,891,LEXUS,NX 200,2016,Jeep,Yes,Petrol,2,82670 km,4,Automatic,4x4,04-May,Left wheel,Silver,12,
45019693,-,LEXUS,RX 450 F-Sport,2017,Jeep,Yes,Hybrid,3.5,27000 km,6,Variator,4x4,04-May,Left wheel,Carnelian red,12,
45782531,1750,LEXUS,RX 400,2008,Jeep,Yes,Hybrid,3.3,179200 km,6,Automatic,4x4,04-May,Left wheel,Silver,8,
45815386,1363,LEXUS,GX 460,2012,Jeep,Yes,Petrol,4.6,150909 km,8,Automatic,4x4,04-May,Left wheel,Black,12,
45760080,645,LEXUS,CT 200h,2011,Hatchback,Yes,Hybrid,1.8,224267 km,4,Automatic,Front,04-May,Left wheel,Silver,0,
45759220,1646,LEXUS,GX 460,2015,Jeep,Yes,Petrol,4.6,188078 km,8,Automatic,4x4,04-May,Left wheel,Black,0,
45645724,1811,LEXUS,GX 460,2010,Jeep,Yes,Petrol,4.6,275240 km,8,Automatic,4x4,04-May,Left wheel,Silver,0,
45728297,779,LEXUS,ES 300,2013,Sedan,Yes,Hybrid,2.5,210698 km,4,Automatic,Front,04-May,Left wheel,Black,12,
45653267,690,LEXUS,RX 450,2016,Jeep,Yes,Hybrid,3.5,0 km,6,Automatic,Front,04-May,Left wheel,Grey,12,
45764923,1363,LEXUS,GX 460,2012,Jeep,Yes,Petrol,4.6,229334 km,8,Automatic,4x4,04-May,Left wheel,Black,0,
45658621,1811,LEXUS,GX 460,2010,Jeep,Yes,Petrol,4.6,275240 km,8,Automatic,4x4,04-May,Left wheel,Silver,0,
45658626,1363,LEXUS,GX 460,2012,Jeep,Yes,Petrol,4.6,229334 km,8,Automatic,4x4,04-May,Left wheel,Black,0,
45649860,1646,LEXUS,GX 460,2015,Jeep,Yes,Petrol,4.6,102907 km,8,Automatic,4x4,04-May,Left wheel,Black,0,
